{"A": [2955, 0.08243827591016878, 0.05844608732040731, 0.20170177151625052, 0.06988422374110755, 0.054958850606779186, 0.027200446366299345], "B": [1043, 0.02909750313851304, 0.06918677639838192, 0.012693541637606361, 0.030687683079927464, 0.021760357093039476, 0.011159157483609988], "C": [606, 0.01690612358766913, 0.016599246756869857, 0.009066815455433115, 0.03515134607337146, 0.022876272841400473, 0.0008369368112707491], "D": [857, 0.0239084949086344, 0.04114939322081183, 0.005440089273259869, 0.033616961919375084, 0.029153298925931093, 0.010182731203794114], "E": [5155, 0.1438136420700237, 0.03682521969591296, 0.15525177849072394, 0.07448737620309667, 0.19165852978100154, 0.26084530617938345], "F": [816, 0.022764681266564373, 0.055377319012414564, 0.005161110336169619, 0.019249546659227228, 0.02650299902357372, 0.007532431301436742], "G": [1023, 0.02853954526433254, 0.0454735667457107, 0.004045194587808621, 0.04087041428372158, 0.03417491979355559, 0.01813363091086623], "H": [1105, 0.03082717254847259, 0.05202957176733156, 0.013669967917422235, 0.04170735109499233, 0.027479425303389593, 0.019249546659227228], "I": [1981, 0.05526572743757846, 0.015343841539963732, 0.11563676942390849, 0.0707211605523783, 0.05467987166968894, 0.019946994001952854], "J": [150, 0.004184684056353746, 0.015483331008508858, 0.0008369368112707491, 0.0033477472450829963, 0.0012554052169061235, 0.0], "K": [1208, 0.033700655600502165, 0.07490584460873204, 0.007113962895801367, 0.024410656995396848, 0.045055098340075324, 0.01701771516250523], "L": [1994, 0.055628400055795786, 0.05272701911005719, 0.048821313990793695, 0.08090389175617241, 0.05900404519458781, 0.03668573022736783], "M": [1166, 0.03252894406472311, 0.055795787418049934, 0.01213558376342586, 0.03710419863300321, 0.036964709164458084, 0.020644441344678476], "N": [2011, 0.05610266424884921, 0.023992188589761473, 0.02622402008648347, 0.07351094992328079, 0.06249128190821593, 0.0942948807365044], "O": [1697, 0.04734272562421537, 0.016738736225414982, 0.1323755056493235, 0.03459338819919096, 0.035011856604826336, 0.017994141442321105], "P": [1040, 0.029013809457385967, 0.05705119263495606, 0.01436741526014786, 0.03515134607337146, 0.032780025108104335, 0.005719068210350118], "Q": [42, 0.0011717115357790487, 0.005440089273259869, 0.00013948946854512484, 0.0002789789370902497, 0.0, 0.0], "R": [2285, 0.06374668712512205, 0.052308550704421815, 0.07490584460873204, 0.09150509136560189, 0.05300599804714744, 0.04700795089970707], "S": [2913, 0.08126656437438973, 0.09317896498814339, 0.008090389175617241, 0.054540382201143815, 0.06639698702747943, 0.1841260984795648], "T": [2809, 0.07836518342865113, 0.05830659785186219, 0.02217882549867485, 0.060398939880039054, 0.07741665504254429, 0.1735248988701353], "U": [1598, 0.0445808341470219, 0.014506904728692984, 0.11145208536755474, 0.05328497698423769, 0.03556981447900683, 0.008090389175617241], "V": [201, 0.005607476635514018, 0.01353047844887711, 0.0016738736225414982, 0.007392941832891617, 0.00460315246198912, 0.0008369368112707491], "W": [370, 0.010322220672339238, 0.040730924815176456, 0.00460315246198912, 0.004184684056353746, 0.001813363091086623, 0.0002789789370902497], "X": [136, 0.0037941135444273955, 0.0006974473427256243, 0.003626726182173246, 0.010322220672339238, 0.0011159157483609987, 0.0032082577765378713], "Y": [159, 0.00443576509973497, 0.001813363091086623, 0.006834983958711118, 0.004045194587808621, 0.002789789370902497, 0.006695494490165993], "Z": [525, 0.014646394197238108, 0.032361556702468965, 0.0019528525596317478, 0.00864834704979774, 0.021481378155949225, 0.008787836518342865]}